,Star_name,Distance,Mass,Radius
0,SDSS J000013.54+255418.6 [de],SDSS J000013.54+255418.6 [de],SDSS J000013.54+255418.6 [de],SDSS J000013.54+255418.6 [de]
1,2MASS J00040288-6410358,2MASS J00040288-6410358,2MASS J00040288-6410358,2MASS J00040288-6410358
2,LHS 102BC,LHS 102BC,LHS 102BC,LHS 102BC
3,2MASS J00242463-0158201,2MASS J00242463-0158201,2MASS J00242463-0158201,2MASS J00242463-0158201
4,2MASS J00250365+4759191AB,2MASS J00250365+4759191AB,2MASS J00250365+4759191AB,2MASS J00250365+4759191AB
5,2MASS J00274197+0503417,2MASS J00274197+0503417,2MASS J00274197+0503417,2MASS J00274197+0503417
6,2MASS J00275592+2219328,2MASS J00275592+2219328,2MASS J00275592+2219328,2MASS J00275592+2219328
7,2MASSW J0030300-145033,2MASSW J0030300-145033,2MASSW J0030300-145033,2MASSW J0030300-145033
8,2MASS J00332386-1521309 [de],2MASS J00332386-1521309 [de],2MASS J00332386-1521309 [de],2MASS J00332386-1521309 [de]
9,2MASS J00345157+0523050,2MASS J00345157+0523050,2MASS J00345157+0523050,2MASS J00345157+0523050
10,2MASS 0036+1821,2MASS 0036+1821,2MASS 0036+1821,2MASS 0036+1821
11,2MASSW J0045214+163445,2MASSW J0045214+163445,2MASSW J0045214+163445,2MASSW J0045214+163445
12,WISEP J004701.06+680352.1 [fr],WISEP J004701.06+680352.1 [fr],WISEP J004701.06+680352.1 [fr],WISEP J004701.06+680352.1 [fr]
13,2MASS J00501994-3322402 [de],2MASS J00501994-3322402 [de],2MASS J00501994-3322402 [de],2MASS J00501994-3322402 [de]
14,2MASS J00034227-2822410,2MASS J00034227-2822410,2MASS J00034227-2822410,2MASS J00034227-2822410
15,2MASS J00584253-0651239 [de],2MASS J00584253-0651239 [de],2MASS J00584253-0651239 [de],2MASS J00584253-0651239 [de]
16,CFBDS J005910.90–011401.3,CFBDS J005910.90–011401.3,CFBDS J005910.90–011401.3,CFBDS J005910.90–011401.3
17,2MASSI J0103320+193536,2MASSI J0103320+193536,2MASSI J0103320+193536,2MASSI J0103320+193536
18,SDSSp J010752.33+004156.1 [de],SDSSp J010752.33+004156.1 [de],SDSSp J010752.33+004156.1 [de],SDSSp J010752.33+004156.1 [de]
19,2MASSI J0117474-340325 [de],2MASSI J0117474-340325 [de],2MASSI J0117474-340325 [de],2MASSI J0117474-340325 [de]
20,2MASS J01415823-4633574 [de],2MASS J01415823-4633574 [de],2MASS J01415823-4633574 [de],2MASS J01415823-4633574 [de]
21,SDSS J015141.69+124429.6,SDSS J015141.69+124429.6,SDSS J015141.69+124429.6,SDSS J015141.69+124429.6
22,DENIS-P J020529.0−115925A,DENIS-P J020529.0−115925A,DENIS-P J020529.0−115925A,DENIS-P J020529.0−115925A
23,DENIS-P J020529.0−115925B,DENIS-P J020529.0−115925B,DENIS-P J020529.0−115925B,DENIS-P J020529.0−115925B
24,DENIS-P J020529.0−115925C,DENIS-P J020529.0−115925C,DENIS-P J020529.0−115925C,DENIS-P J020529.0−115925C
25,SDSS J020742.48+000056.2 [de],SDSS J020742.48+000056.2 [de],SDSS J020742.48+000056.2 [de],SDSS J020742.48+000056.2 [de]
26,2MASS J02103857-3015313,2MASS J02103857-3015313,2MASS J02103857-3015313,2MASS J02103857-3015313
27,2MASS J02340093-6442068,2MASS J02340093-6442068,2MASS J02340093-6442068,2MASS J02340093-6442068
28,2MASS J02411151-0326587 [de],2MASS J02411151-0326587 [de],2MASS J02411151-0326587 [de],2MASS J02411151-0326587 [de]
29,2MASS J02431371−2453298,2MASS J02431371−2453298,2MASS J02431371−2453298,2MASS J02431371−2453298
30,LP 771-21,LP 771-21,LP 771-21,LP 771-21
31,2MASS J02511327+0047364,2MASS J02511327+0047364,2MASS J02511327+0047364,2MASS J02511327+0047364
32,Teegarden's star,Teegarden's star,Teegarden's star,Teegarden's star
33,2MASS J02535980+3206373,2MASS J02535980+3206373,2MASS J02535980+3206373,2MASS J02535980+3206373
34,WISE J0254+0223,WISE J0254+0223,WISE J0254+0223,WISE J0254+0223
35,DEN 0255-4700,DEN 0255-4700,DEN 0255-4700,DEN 0255-4700
36,2MASS J03185403-3421292 [de],2MASS J03185403-3421292 [de],2MASS J03185403-3421292 [de],2MASS J03185403-3421292 [de]
37,2MASS J03205965+1854233,2MASS J03205965+1854233,2MASS J03205965+1854233,2MASS J03205965+1854233
38,2MASS J03231002-4631237,2MASS J03231002-4631237,2MASS J03231002-4631237,2MASS J03231002-4631237
39,SDSS J032553.17+042540.1,SDSS J032553.17+042540.1,SDSS J032553.17+042540.1,SDSS J032553.17+042540.1
40,2MASS J03264225-2102057 [de],2MASS J03264225-2102057 [de],2MASS J03264225-2102057 [de],2MASS J03264225-2102057 [de]
41,2MASS J03284265+2302051 [de],2MASS J03284265+2302051 [de],2MASS J03284265+2302051 [de],2MASS J03284265+2302051 [de]
42,2MASS J03341218-4953322,2MASS J03341218-4953322,2MASS J03341218-4953322,2MASS J03341218-4953322
43,LP 944-20,LP 944-20,LP 944-20,LP 944-20
44,2MASP J0345432+254023,2MASP J0345432+254023,2MASP J0345432+254023,2MASP J0345432+254023
45,Teide 1,Teide 1,Teide 1,Teide 1
46,2MASS J03510004-0052452,2MASS J03510004-0052452,2MASS J03510004-0052452,2MASS J03510004-0052452
47,2MASS J03552337+1133437,2MASS J03552337+1133437,2MASS J03552337+1133437,2MASS J03552337+1133437
48,DENIS-P J035726.9-441730 [de],DENIS-P J035726.9-441730 [de],DENIS-P J035726.9-441730 [de],DENIS-P J035726.9-441730 [de]
49,2MASS J04151954−0935066,2MASS J04151954−0935066,2MASS J04151954−0935066,2MASS J04151954−0935066
50,SDSSp J042348.57-041403.5 [de],SDSSp J042348.57-041403.5 [de],SDSSp J042348.57-041403.5 [de],SDSSp J042348.57-041403.5 [de]
51,2MASS J04285096-2253227 [de],2MASS J04285096-2253227 [de],2MASS J04285096-2253227 [de],2MASS J04285096-2253227 [de]
52,2MASS J04351612-1606574,2MASS J04351612-1606574,2MASS J04351612-1606574,2MASS J04351612-1606574
53,2MASS J04362788-4114465,2MASS J04362788-4114465,2MASS J04362788-4114465,2MASS J04362788-4114465
54,2MASS J04390101-2353083 [de],2MASS J04390101-2353083 [de],2MASS J04390101-2353083 [de],2MASS J04390101-2353083 [de]
55,2MASS J04414489+2301513,2MASS J04414489+2301513,2MASS J04414489+2301513,2MASS J04414489+2301513
56,2MASS J04433764+0002040,2MASS J04433764+0002040,2MASS J04433764+0002040,2MASS J04433764+0002040
57,2MASS J04455387-3048204 [de],2MASS J04455387-3048204 [de],2MASS J04455387-3048204 [de],2MASS J04455387-3048204 [de]
58,2MASS J04510093-3402150 [de],2MASS J04510093-3402150 [de],2MASS J04510093-3402150 [de],2MASS J04510093-3402150 [de]
59,2MASS J05002100+0330501 [de],2MASS J05002100+0330501 [de],2MASS J05002100+0330501 [de],2MASS J05002100+0330501 [de]
60,2MASS J05012406-0010452 [de],2MASS J05012406-0010452 [de],2MASS J05012406-0010452 [de],2MASS J05012406-0010452 [de]
61,2MASS J05160945-0445499 [de],2MASS J05160945-0445499 [de],2MASS J05160945-0445499 [de],2MASS J05160945-0445499 [de]
62,2MASS J0523−1403,2MASS J0523−1403,2MASS J0523−1403,2MASS J0523−1403
63,2MASS 0532+8246,2MASS 0532+8246,2MASS 0532+8246,2MASS 0532+8246
64,SDSS J053951.99-005902.0,SDSS J053951.99-005902.0,SDSS J053951.99-005902.0,SDSS J053951.99-005902.0
65,2MASS J05591914-1404488 [de],2MASS J05591914-1404488 [de],2MASS J05591914-1404488 [de],2MASS J05591914-1404488 [de]
66,LSR 0602+3910 [de],LSR 0602+3910 [de],LSR 0602+3910 [de],LSR 0602+3910 [de]
67,2MASS J06085283-2753583,2MASS J06085283-2753583,2MASS J06085283-2753583,2MASS J06085283-2753583
68,WISEP J061135.13-041024.0A,WISEP J061135.13-041024.0A,WISEP J061135.13-041024.0A,WISEP J061135.13-041024.0A
69,WISEP J061135.13-041024.0B,WISEP J061135.13-041024.0B,WISEP J061135.13-041024.0B,WISEP J061135.13-041024.0B
70,2MASS J06244595-4521548 [de],2MASS J06244595-4521548 [de],2MASS J06244595-4521548 [de],2MASS J06244595-4521548 [de]
71,2MASS J06411840-4322329 [de],2MASS J06411840-4322329 [de],2MASS J06411840-4322329 [de],2MASS J06411840-4322329 [de]
72,DENIS-P J0652197-253450 [de],DENIS-P J0652197-253450 [de],DENIS-P J0652197-253450 [de],DENIS-P J0652197-253450 [de]
73,2MASS J07003664+3157266 [de],2MASS J07003664+3157266 [de],2MASS J07003664+3157266 [de],2MASS J07003664+3157266 [de]
74,2MASS J07075327-4900503,2MASS J07075327-4900503,2MASS J07075327-4900503,2MASS J07075327-4900503
75,UGPS J072227.51-054031.2,UGPS J072227.51-054031.2,UGPS J072227.51-054031.2,UGPS J072227.51-054031.2
76,2MASSI J0727182+171001 [de],2MASSI J0727182+171001 [de],2MASSI J0727182+171001 [de],2MASSI J0727182+171001 [de]
77,2MASS J07290002-3954043 [de],2MASS J07290002-3954043 [de],2MASS J07290002-3954043 [de],2MASS J07290002-3954043 [de]
78,SDSS J074201.41+205520.5 [de],SDSS J074201.41+205520.5 [de],SDSS J074201.41+205520.5 [de],SDSS J074201.41+205520.5 [de]
79,2MASS J0746425+200032 [fr],2MASS J0746425+200032 [fr],2MASS J0746425+200032 [fr],2MASS J0746425+200032 [fr]
80,DENIS-P J0751164-253043 [de],DENIS-P J0751164-253043 [de],DENIS-P J0751164-253043 [de],DENIS-P J0751164-253043 [de]
81,2MASS J07522390+1612157,2MASS J07522390+1612157,2MASS J07522390+1612157,2MASS J07522390+1612157
82,DENIS J081730.0-615520,DENIS J081730.0-615520,DENIS J081730.0-615520,DENIS J081730.0-615520
83,DENIS J082303.1−491201A,DENIS J082303.1−491201A,DENIS J082303.1−491201A,DENIS J082303.1−491201A
84,DENIS J082303.1−491201B,DENIS J082303.1−491201B,DENIS J082303.1−491201B,DENIS J082303.1−491201B
85,2MASS J08251968+2115521 [de],2MASS J08251968+2115521 [de],2MASS J08251968+2115521 [de],2MASS J08251968+2115521 [de]
86,SDSSp J083008.12+482847.4 [de],SDSSp J083008.12+482847.4 [de],SDSSp J083008.12+482847.4 [de],SDSSp J083008.12+482847.4 [de]
87,LHS 2021,LHS 2021,LHS 2021,LHS 2021
88,SDSS J083048.80+012831.1 [de],SDSS J083048.80+012831.1 [de],SDSS J083048.80+012831.1 [de],SDSS J083048.80+012831.1 [de]
89,2MASSI J0835425-081923 [de],2MASSI J0835425-081923 [de],2MASSI J0835425-081923 [de],2MASSI J0835425-081923 [de]
90,2MASSI J0847287-153237 [de],2MASSI J0847287-153237 [de],2MASSI J0847287-153237 [de],2MASSI J0847287-153237 [de]
91,2MASS J08533619-0329321,2MASS J08533619-0329321,2MASS J08533619-0329321,2MASS J08533619-0329321
92,2MASSI J0859254-194926 [de],2MASSI J0859254-194926 [de],2MASSI J0859254-194926 [de],2MASSI J0859254-194926 [de]
93,2MASSW J0920122+351742 [de],2MASSW J0920122+351742 [de],2MASSW J0920122+351742 [de],2MASSW J0920122+351742 [de]
94,2MASSI J0937347+293142,2MASSI J0937347+293142,2MASSI J0937347+293142,2MASSI J0937347+293142
95,2MASS 0939−2448,2MASS 0939−2448,2MASS 0939−2448,2MASS 0939−2448
96,2MASS J09490860-1545485 [de],2MASS J09490860-1545485 [de],2MASS J09490860-1545485 [de],2MASS J09490860-1545485 [de]
97,2MASS J10073369-4555147,2MASS J10073369-4555147,2MASS J10073369-4555147,2MASS J10073369-4555147
98,2MASSI J1010148-040649 [de],2MASSI J1010148-040649 [de],2MASSI J1010148-040649 [de],2MASSI J1010148-040649 [de]
99,2MASSI J1017075+130839 [de],2MASSI J1017075+130839 [de],2MASSI J1017075+130839 [de],2MASSI J1017075+130839 [de]
100,SDSS J102109.69-030420.1,SDSS J102109.69-030420.1,SDSS J102109.69-030420.1,SDSS J102109.69-030420.1
101,2MASS J10224821+5825453 [de],2MASS J10224821+5825453 [de],2MASS J10224821+5825453 [de],2MASS J10224821+5825453 [de]
102,2MASSW J1036530-344138 [de],2MASSW J1036530-344138 [de],2MASSW J1036530-344138 [de],2MASSW J1036530-344138 [de]
103,2MASS J1047538+212423 [de],2MASS J1047538+212423 [de],2MASS J1047538+212423 [de],2MASS J1047538+212423 [de]
104,DEN 1048-3956,DEN 1048-3956,DEN 1048-3956,DEN 1048-3956
105,Luhman 16B,Luhman 16B,Luhman 16B,Luhman 16B
106,Luhman 16A,Luhman 16A,Luhman 16A,Luhman 16A
107,DENIS-P J1058.7−1548,DENIS-P J1058.7−1548,DENIS-P J1058.7−1548,DENIS-P J1058.7−1548
108,TWA 28,TWA 28,TWA 28,TWA 28
109,Cha 110913-773444,Cha 110913-773444,Cha 110913-773444,Cha 110913-773444
110,OTS 44,OTS 44,OTS 44,OTS 44
111,SDSS J111010.01+011613.1,SDSS J111010.01+011613.1,SDSS J111010.01+011613.1,SDSS J111010.01+011613.1
112,2MASS J11145133−2618235,2MASS J11145133−2618235,2MASS J11145133−2618235,2MASS J11145133−2618235
113,TWA 26,TWA 26,TWA 26,TWA 26
114,2MASSW J1146345+223053,2MASSW J1146345+223053,2MASSW J1146345+223053,2MASSW J1146345+223053
115,2MASS J11544223-3400390 [de],2MASS J11544223-3400390 [de],2MASS J11544223-3400390 [de],2MASS J11544223-3400390 [de]
116,2MASSW J1155395-372735 [de],2MASSW J1155395-372735 [de],2MASSW J1155395-372735 [de],2MASSW J1155395-372735 [de]
117,TWA 27A,TWA 27A,TWA 27A,TWA 27A
118,TWA 27B,TWA 27B,TWA 27B,TWA 27B
119,2MASS J12074836-3900043,2MASS J12074836-3900043,2MASS J12074836-3900043,2MASS J12074836-3900043
120,2MASSI J1217110-031113 [de],2MASSI J1217110-031113 [de],2MASSI J1217110-031113 [de],2MASSI J1217110-031113 [de]
121,2MASS J12255432-2739466,2MASS J12255432-2739466,2MASS J12255432-2739466,2MASS J12255432-2739466
122,DENIS-P J1228.2-1547,DENIS-P J1228.2-1547,DENIS-P J1228.2-1547,DENIS-P J1228.2-1547
123,2M 1237+6526,2M 1237+6526,2M 1237+6526,2M 1237+6526
124,2MASSW J1239272+551537 [de],2MASSW J1239272+551537 [de],2MASSW J1239272+551537 [de],2MASSW J1239272+551537 [de]
125,TWA 29,TWA 29,TWA 29,TWA 29
126,SDSSp J125453.90-012247.4 [de],SDSSp J125453.90-012247.4 [de],SDSSp J125453.90-012247.4 [de],SDSSp J125453.90-012247.4 [de]
127,Kelu-1A,Kelu-1A,Kelu-1A,Kelu-1A
128,Kelu-1B,Kelu-1B,Kelu-1B,Kelu-1B
129,2MASS J13204427+0409045,2MASS J13204427+0409045,2MASS J13204427+0409045,2MASS J13204427+0409045
130,SDSSp J132629.82-003831.5 [de],SDSSp J132629.82-003831.5 [de],SDSSp J132629.82-003831.5 [de],SDSSp J132629.82-003831.5 [de]
131,SDSSp J134646.45-003150.4 [de],SDSSp J134646.45-003150.4 [de],SDSSp J134646.45-003150.4 [de],SDSSp J134646.45-003150.4 [de]
132,2MASS J13595510-4034582,2MASS J13595510-4034582,2MASS J13595510-4034582,2MASS J13595510-4034582
133,ULAS J141623.94+134836.3,ULAS J141623.94+134836.3,ULAS J141623.94+134836.3,ULAS J141623.94+134836.3
134,SDSS J141659.78+500626.4 [de],SDSS J141659.78+500626.4 [de],SDSS J141659.78+500626.4 [de],SDSS J141659.78+500626.4 [de]
135,DENIS-P J142527.97-365023.4 [de],DENIS-P J142527.97-365023.4 [de],DENIS-P J142527.97-365023.4 [de],DENIS-P J142527.97-365023.4 [de]
136,LHS 2924,LHS 2924,LHS 2924,LHS 2924
137,2MASS J14392837+1929150,2MASS J14392837+1929150,2MASS J14392837+1929150,2MASS J14392837+1929150
138,LSPM J1440+1339,LSPM J1440+1339,LSPM J1440+1339,LSPM J1440+1339
139,2MASS J14482563+1031590 [de],2MASS J14482563+1031590 [de],2MASS J14482563+1031590 [de],2MASS J14482563+1031590 [de]
140,CFBDSIR 1458+10A,CFBDSIR 1458+10A,CFBDSIR 1458+10A,CFBDSIR 1458+10A
141,CFBDSIR 1458+10B,CFBDSIR 1458+10B,CFBDSIR 1458+10B,CFBDSIR 1458+10B
142,TVLM 513-46546,TVLM 513-46546,TVLM 513-46546,TVLM 513-46546
143,2MASS 1503+2525,2MASS 1503+2525,2MASS 1503+2525,2MASS 1503+2525
144,CFBDS J150411+102717,CFBDS J150411+102717,CFBDS J150411+102717,CFBDS J150411+102717
145,2MASSW J1506544+132106 [de],2MASSW J1506544+132106 [de],2MASSW J1506544+132106 [de],2MASSW J1506544+132106 [de]
146,2MASS 1507−1627,2MASS 1507−1627,2MASS 1507−1627,2MASS 1507−1627
147,TVLM 868-110639,TVLM 868-110639,TVLM 868-110639,TVLM 868-110639
148,SDSS J151114.66+060742.9 [de],SDSS J151114.66+060742.9 [de],SDSS J151114.66+060742.9 [de],SDSS J151114.66+060742.9 [de]
149,2MASSW J1515008+484742 [de],2MASSW J1515008+484742 [de],2MASSW J1515008+484742 [de],2MASSW J1515008+484742 [de]
150,2MASSI J1526140+204341 [de],2MASSI J1526140+204341 [de],2MASSI J1526140+204341 [de],2MASSI J1526140+204341 [de]
151,DENIS-P J153941.96-052042.4 [de],DENIS-P J153941.96-052042.4 [de],DENIS-P J153941.96-052042.4 [de],DENIS-P J153941.96-052042.4 [de]
152,2MASS J15462718-3325111 [de],2MASS J15462718-3325111 [de],2MASS J15462718-3325111 [de],2MASS J15462718-3325111 [de]
153,2MASSW J1552591+294849 [de],2MASSW J1552591+294849 [de],2MASSW J1552591+294849 [de],2MASSW J1552591+294849 [de]
154,2MASSW J1555157-095605 [de],2MASSW J1555157-095605 [de],2MASSW J1555157-095605 [de],2MASSW J1555157-095605 [de]
155,2MASS J16150413+1340079 [de],2MASS J16150413+1340079 [de],2MASS J16150413+1340079 [de],2MASS J16150413+1340079 [de]
156,SDSSp J162414.37+002915.6 [de],SDSSp J162414.37+002915.6 [de],SDSSp J162414.37+002915.6 [de],SDSSp J162414.37+002915.6 [de]
157,2MASS J16262034+3925190 [de],2MASS J16262034+3925190 [de],2MASS J16262034+3925190 [de],2MASS J16262034+3925190 [de]
158,2MASSW J1632291+190441 [de],2MASSW J1632291+190441 [de],2MASSW J1632291+190441 [de],2MASSW J1632291+190441 [de]
159,WISEPA J164715.59+563208.2,WISEPA J164715.59+563208.2,WISEPA J164715.59+563208.2,WISEPA J164715.59+563208.2
160,LSPM J1658+7027 [de],LSPM J1658+7027 [de],LSPM J1658+7027 [de],LSPM J1658+7027 [de]
161,2MASSI J1726000+153819,2MASSI J1726000+153819,2MASSI J1726000+153819,2MASSI J1726000+153819
162,2MASSW J1728114+394859,2MASSW J1728114+394859,2MASSW J1728114+394859,2MASSW J1728114+394859
163,SDSSp J175032.96+175903.9,SDSSp J175032.96+175903.9,SDSSp J175032.96+175903.9,SDSSp J175032.96+175903.9
164,2MASS J18283572-4849046,2MASS J18283572-4849046,2MASS J18283572-4849046,2MASS J18283572-4849046
165,LSR J1835+3259,LSR J1835+3259,LSR J1835+3259,LSR J1835+3259
166,2MASSW J1841086+311727,2MASSW J1841086+311727,2MASSW J1841086+311727,2MASSW J1841086+311727
167,2MASS J18432213+4040209,2MASS J18432213+4040209,2MASS J18432213+4040209,2MASS J18432213+4040209
168,2MASS J20004841-7523070,2MASS J20004841-7523070,2MASS J20004841-7523070,2MASS J20004841-7523070
169,SDSS J204749.61-071818.3,SDSS J204749.61-071818.3,SDSS J204749.61-071818.3,SDSS J204749.61-071818.3
170,2MASSI J2057540-025230,2MASSI J2057540-025230,2MASSI J2057540-025230,2MASSI J2057540-025230
171,2MASSW J2101154+175658,2MASSW J2101154+175658,2MASSW J2101154+175658,2MASSW J2101154+175658
172,2MASSI J2104149-103736,2MASSI J2104149-103736,2MASSI J2104149-103736,2MASSI J2104149-103736
173,PSO J318.5−22,PSO J318.5−22,PSO J318.5−22,PSO J318.5−22
174,HB 2124-4228,HB 2124-4228,HB 2124-4228,HB 2124-4228
175,2MASS J21392676+0220226,2MASS J21392676+0220226,2MASS J21392676+0220226,2MASS J21392676+0220226
176,2MASS J21481628+4003593,2MASS J21481628+4003593,2MASS J21481628+4003593,2MASS J21481628+4003593
177,2MASS J14112131-2119503,2MASS J14112131-2119503,2MASS J14112131-2119503,2MASS J14112131-2119503
178,2MASSW J2206450-421721,2MASSW J2206450-421721,2MASSW J2206450-421721,2MASSW J2206450-421721
179,2MASSW J2208136+292121,2MASSW J2208136+292121,2MASSW J2208136+292121,2MASSW J2208136+292121
180,2MASSW J2224438-015852,2MASSW J2224438-015852,2MASSW J2224438-015852,2MASSW J2224438-015852
181,2MASS J22282889-4310262,2MASS J22282889-4310262,2MASS J22282889-4310262,2MASS J22282889-4310262
182,2MASS J22373255+3922398,2MASS J22373255+3922398,2MASS J22373255+3922398,2MASS J22373255+3922398
183,2MASSW J2244316+204343,2MASSW J2244316+204343,2MASSW J2244316+204343,2MASSW J2244316+204343
184,2MASS J23224684-3133231,2MASS J23224684-3133231,2MASS J23224684-3133231,2MASS J23224684-3133231
185,2MASS J23225299-6151275,2MASS J23225299-6151275,2MASS J23225299-6151275,2MASS J23225299-6151275
186,2MASS J23515044-2537367,2MASS J23515044-2537367,2MASS J23515044-2537367,2MASS J23515044-2537367
187,2MASSI J2356547-155310,2MASSI J2356547-155310,2MASSI J2356547-155310,2MASSI J2356547-155310
188,WISE 0005+3737,WISE 0005+3737,WISE 0005+3737,WISE 0005+3737
189,WISE 0008-1739,WISE 0008-1739,WISE 0008-1739,WISE 0008-1739
190,WISE 0015-4615,WISE 0015-4615,WISE 0015-4615,WISE 0015-4615
191,WISE 0031-3840,WISE 0031-3840,WISE 0031-3840,WISE 0031-3840
192,WISE 0032-4946,WISE 0032-4946,WISE 0032-4946,WISE 0032-4946
193,WISE 0038+2758,WISE 0038+2758,WISE 0038+2758,WISE 0038+2758
194,WISE 0038+8405,WISE 0038+8405,WISE 0038+8405,WISE 0038+8405
195,WISE 0040+0900,WISE 0040+0900,WISE 0040+0900,WISE 0040+0900
196,WISE 0049+0441,WISE 0049+0441,WISE 0049+0441,WISE 0049+0441
197,WISE 0049+2151,WISE 0049+2151,WISE 0049+2151,WISE 0049+2151
198,WISE 0106+1518,WISE 0106+1518,WISE 0106+1518,WISE 0106+1518
199,WISE 0123+4142,WISE 0123+4142,WISE 0123+4142,WISE 0123+4142
200,WISE 0135+1715,WISE 0135+1715,WISE 0135+1715,WISE 0135+1715
201,WISE 0138-0322,WISE 0138-0322,WISE 0138-0322,WISE 0138-0322
202,WISE 0146+4234,WISE 0146+4234,WISE 0146+4234,WISE 0146+4234
203,WISE 0148-7202,WISE 0148-7202,WISE 0148-7202,WISE 0148-7202
204,WISE 0150+3827,WISE 0150+3827,WISE 0150+3827,WISE 0150+3827
205,WISE 0206+2640,WISE 0206+2640,WISE 0206+2640,WISE 0206+2640
206,WISE 0221+3842,WISE 0221+3842,WISE 0221+3842,WISE 0221+3842
207,WISE 0223-2932,WISE 0223-2932,WISE 0223-2932,WISE 0223-2932
208,WISE 0226-0211,WISE 0226-0211,WISE 0226-0211,WISE 0226-0211
209,WISE 0241-3653,WISE 0241-3653,WISE 0241-3653,WISE 0241-3653
210,WISE 0245-3450,WISE 0245-3450,WISE 0245-3450,WISE 0245-3450
211,WISE 0247+3725,WISE 0247+3725,WISE 0247+3725,WISE 0247+3725
212,WISE 0305+3954,WISE 0305+3954,WISE 0305+3954,WISE 0305+3954
213,WISE 0307+2904,WISE 0307+2904,WISE 0307+2904,WISE 0307+2904
214,WISE 0313+7807,WISE 0313+7807,WISE 0313+7807,WISE 0313+7807
215,WISE 0316+4307,WISE 0316+4307,WISE 0316+4307,WISE 0316+4307
216,WISE 0321-7347,WISE 0321-7347,WISE 0321-7347,WISE 0321-7347
217,WISE 0323-6025,WISE 0323-6025,WISE 0323-6025,WISE 0323-6025
218,WISE 0325-3854,WISE 0325-3854,WISE 0325-3854,WISE 0325-3854
219,WISE 0325+0831,WISE 0325+0831,WISE 0325+0831,WISE 0325+0831
220,WISE 0333-5856,WISE 0333-5856,WISE 0333-5856,WISE 0333-5856
221,WISE 0335+4310,WISE 0335+4310,WISE 0335+4310,WISE 0335+4310
222,WISE 0336-0143,WISE 0336-0143,WISE 0336-0143,WISE 0336-0143
223,WISE 0350-5658,WISE 0350-5658,WISE 0350-5658,WISE 0350-5658
224,WISE 0359-5401,WISE 0359-5401,WISE 0359-5401,WISE 0359-5401
225,WISE 0410+1502,WISE 0410+1502,WISE 0410+1502,WISE 0410+1502
226,WISE 0410+1411,WISE 0410+1411,WISE 0410+1411,WISE 0410+1411
227,WISE 0413-4750,WISE 0413-4750,WISE 0413-4750,WISE 0413-4750
228,WISE 0448-1935,WISE 0448-1935,WISE 0448-1935,WISE 0448-1935
229,WISE 0458+6434A,WISE 0458+6434A,WISE 0458+6434A,WISE 0458+6434A
230,WISE 0458+6434B,WISE 0458+6434B,WISE 0458+6434B,WISE 0458+6434B
231,WISE 0500-1223,WISE 0500-1223,WISE 0500-1223,WISE 0500-1223
232,WISE 0513+0608,WISE 0513+0608,WISE 0513+0608,WISE 0513+0608
233,WISE 0525+6739,WISE 0525+6739,WISE 0525+6739,WISE 0525+6739
234,WISE 0528-3308,WISE 0528-3308,WISE 0528-3308,WISE 0528-3308
235,WISE 0535-7500,WISE 0535-7500,WISE 0535-7500,WISE 0535-7500
236,WISE 0539-1034,WISE 0539-1034,WISE 0539-1034,WISE 0539-1034
237,WISE 0542-1628,WISE 0542-1628,WISE 0542-1628,WISE 0542-1628
238,WISE 0607+2429,WISE 0607+2429,WISE 0607+2429,WISE 0607+2429
239,WISE 0611-0410,WISE 0611-0410,WISE 0611-0410,WISE 0611-0410
240,WISE 0612-4920,WISE 0612-4920,WISE 0612-4920,WISE 0612-4920
241,WISE 0612-3036,WISE 0612-3036,WISE 0612-3036,WISE 0612-3036
242,WISE 0614+3912,WISE 0614+3912,WISE 0614+3912,WISE 0614+3912
243,WISE 0614+0951,WISE 0614+0951,WISE 0614+0951,WISE 0614+0951
244,WISE 0623-0456,WISE 0623-0456,WISE 0623-0456,WISE 0623-0456
245,WISE 0625+5646,WISE 0625+5646,WISE 0625+5646,WISE 0625+5646
246,WISE 0627-1114,WISE 0627-1114,WISE 0627-1114,WISE 0627-1114
247,WISE 0647-6232,WISE 0647-6232,WISE 0647-6232,WISE 0647-6232
248,WISE 0656+4205,WISE 0656+4205,WISE 0656+4205,WISE 0656+4205
249,WISE 0713-2917,WISE 0713-2917,WISE 0713-2917,WISE 0713-2917
250,WISE 0723+3403,WISE 0723+3403,WISE 0723+3403,WISE 0723+3403
251,WISE 0733+7544,WISE 0733+7544,WISE 0733+7544,WISE 0733+7544
252,WISE 0734-7157,WISE 0734-7157,WISE 0734-7157,WISE 0734-7157
253,WISE 0744+5628,WISE 0744+5628,WISE 0744+5628,WISE 0744+5628
254,WISE 0750+2725,WISE 0750+2725,WISE 0750+2725,WISE 0750+2725
255,WISE 0751-7634,WISE 0751-7634,WISE 0751-7634,WISE 0751-7634
256,WISE 0759-4904,WISE 0759-4904,WISE 0759-4904,WISE 0759-4904
257,WISE 0811-8051,WISE 0811-8051,WISE 0811-8051,WISE 0811-8051
258,WISE 0812+4021,WISE 0812+4021,WISE 0812+4021,WISE 0812+4021
259,WISE 0819-0335,WISE 0819-0335,WISE 0819-0335,WISE 0819-0335
260,WISE 0821+1443,WISE 0821+1443,WISE 0821+1443,WISE 0821+1443
261,WISE 0836-1859,WISE 0836-1859,WISE 0836-1859,WISE 0836-1859
262,WISE 0857+5604,WISE 0857+5604,WISE 0857+5604,WISE 0857+5604
263,WISE 0906+4735,WISE 0906+4735,WISE 0906+4735,WISE 0906+4735
264,WISE 0929+0409,WISE 0929+0409,WISE 0929+0409,WISE 0929+0409
265,WISE 0952+1955,WISE 0952+1955,WISE 0952+1955,WISE 0952+1955
266,WISE 1018-2445,WISE 1018-2445,WISE 1018-2445,WISE 1018-2445
267,WISE 1019+6529,WISE 1019+6529,WISE 1019+6529,WISE 1019+6529
268,WISE 1039-1600,WISE 1039-1600,WISE 1039-1600,WISE 1039-1600
269,WISE 1042-3842,WISE 1042-3842,WISE 1042-3842,WISE 1042-3842
270,WISE 1051-2138,WISE 1051-2138,WISE 1051-2138,WISE 1051-2138
271,WISE 1122+2550,WISE 1122+2550,WISE 1122+2550,WISE 1122+2550
272,WISE 1124-0421,WISE 1124-0421,WISE 1124-0421,WISE 1124-0421
273,WISE 1147-2040,WISE 1147-2040,WISE 1147-2040,WISE 1147-2040
274,WISE 1150+6302,WISE 1150+6302,WISE 1150+6302,WISE 1150+6302
275,WISE 1217+1626A,WISE 1217+1626A,WISE 1217+1626A,WISE 1217+1626A
276,WISE 1217+1626B,WISE 1217+1626B,WISE 1217+1626B,WISE 1217+1626B
277,WISE 1225-1013,WISE 1225-1013,WISE 1225-1013,WISE 1225-1013
278,WISE 1311+0122,WISE 1311+0122,WISE 1311+0122,WISE 1311+0122
279,WISE 1311+3629,WISE 1311+3629,WISE 1311+3629,WISE 1311+3629
280,WISE 1318-1758,WISE 1318-1758,WISE 1318-1758,WISE 1318-1758
281,WISE 1320+6034,WISE 1320+6034,WISE 1320+6034,WISE 1320+6034
282,WISE 1322-2340,WISE 1322-2340,WISE 1322-2340,WISE 1322-2340
283,WISE 1348+6603,WISE 1348+6603,WISE 1348+6603,WISE 1348+6603
284,WISE 1405+5534,WISE 1405+5534,WISE 1405+5534,WISE 1405+5534
285,WISE 1433-0837,WISE 1433-0837,WISE 1433-0837,WISE 1433-0837
286,WISE 1436-1814,WISE 1436-1814,WISE 1436-1814,WISE 1436-1814
287,WISE 1457+5815,WISE 1457+5815,WISE 1457+5815,WISE 1457+5815
288,WISE 1506+7027,WISE 1506+7027,WISE 1506+7027,WISE 1506+7027
289,WISE 1517+0529,WISE 1517+0529,WISE 1517+0529,WISE 1517+0529
290,WISE 1519+7009,WISE 1519+7009,WISE 1519+7009,WISE 1519+7009
291,WISE 1523+3125,WISE 1523+3125,WISE 1523+3125,WISE 1523+3125
292,WISE 1541-2250,WISE 1541-2250,WISE 1541-2250,WISE 1541-2250
293,WISE 1542+2230,WISE 1542+2230,WISE 1542+2230,WISE 1542+2230
294,WISE 1612-3420,WISE 1612-3420,WISE 1612-3420,WISE 1612-3420
295,WISE 1614+1739,WISE 1614+1739,WISE 1614+1739,WISE 1614+1739
296,WISE 1617+1807,WISE 1617+1807,WISE 1617+1807,WISE 1617+1807
297,WISE 1622-0959,WISE 1622-0959,WISE 1622-0959,WISE 1622-0959
298,WISE 1627+3255,WISE 1627+3255,WISE 1627+3255,WISE 1627+3255
299,WISE 1639-6847,WISE 1639-6847,WISE 1639-6847,WISE 1639-6847
300,WISE 1647+5632,WISE 1647+5632,WISE 1647+5632,WISE 1647+5632
301,WISE 1653+4444,WISE 1653+4444,WISE 1653+4444,WISE 1653+4444
302,WISE 1711+3500,WISE 1711+3500,WISE 1711+3500,WISE 1711+3500
303,WISE 1717+6129,WISE 1717+6129,WISE 1717+6129,WISE 1717+6129
304,WISE 1721+1117,WISE 1721+1117,WISE 1721+1117,WISE 1721+1117
305,WISE 1728+5716,WISE 1728+5716,WISE 1728+5716,WISE 1728+5716
306,WISE 1738+2732,WISE 1738+2732,WISE 1738+2732,WISE 1738+2732
307,WISE 1741+2553,WISE 1741+2553,WISE 1741+2553,WISE 1741+2553
308,WISE 1746-0338,WISE 1746-0338,WISE 1746-0338,WISE 1746-0338
309,WISE 1800+0134,WISE 1800+0134,WISE 1800+0134,WISE 1800+0134
310,WISE 1804+3117,WISE 1804+3117,WISE 1804+3117,WISE 1804+3117
311,WISE 1809+3838,WISE 1809+3838,WISE 1809+3838,WISE 1809+3838
312,WISE 1812+2721,WISE 1812+2721,WISE 1812+2721,WISE 1812+2721
313,WISE 1828+2650,WISE 1828+2650,WISE 1828+2650,WISE 1828+2650
314,WISE 1830+4542,WISE 1830+4542,WISE 1830+4542,WISE 1830+4542
315,WISE 1841+7000,WISE 1841+7000,WISE 1841+7000,WISE 1841+7000
316,WISE 1852+3537,WISE 1852+3537,WISE 1852+3537,WISE 1852+3537
317,WISE 1906+4508,WISE 1906+4508,WISE 1906+4508,WISE 1906+4508
318,WISE 1928+2356,WISE 1928+2356,WISE 1928+2356,WISE 1928+2356
319,WISE 1952+7240,WISE 1952+7240,WISE 1952+7240,WISE 1952+7240
320,WISE 1959-3338,WISE 1959-3338,WISE 1959-3338,WISE 1959-3338
321,WISE 2030+0749,WISE 2030+0749,WISE 2030+0749,WISE 2030+0749
322,WISE 2014+0424,WISE 2014+0424,WISE 2014+0424,WISE 2014+0424
323,WISE 2015+6646,WISE 2015+6646,WISE 2015+6646,WISE 2015+6646
324,WISE 2018-7423,WISE 2018-7423,WISE 2018-7423,WISE 2018-7423
325,WISE 2019-1148,WISE 2019-1148,WISE 2019-1148,WISE 2019-1148
326,WISE 2056+1459,WISE 2056+1459,WISE 2056+1459,WISE 2056+1459
327,WISE 2134-7137,WISE 2134-7137,WISE 2134-7137,WISE 2134-7137
328,WISE 2157+2659,WISE 2157+2659,WISE 2157+2659,WISE 2157+2659
329,WISE 2209-2734,WISE 2209-2734,WISE 2209-2734,WISE 2209-2734
330,WISE 2213+0911,WISE 2213+0911,WISE 2213+0911,WISE 2213+0911
331,WISE 2220-3628,WISE 2220-3628,WISE 2220-3628,WISE 2220-3628
332,WISE 2226+0440,WISE 2226+0440,WISE 2226+0440,WISE 2226+0440
333,WISE 2237-0614,WISE 2237-0614,WISE 2237-0614,WISE 2237-0614
334,WISE 2237+7228,WISE 2237+7228,WISE 2237+7228,WISE 2237+7228
335,WISE 2239+1617,WISE 2239+1617,WISE 2239+1617,WISE 2239+1617
336,WISE 2255-3118,WISE 2255-3118,WISE 2255-3118,WISE 2255-3118
337,WISE 2301+0216,WISE 2301+0216,WISE 2301+0216,WISE 2301+0216
338,WISE 2313-8037,WISE 2313-8037,WISE 2313-8037,WISE 2313-8037
339,WISE 2319-1844,WISE 2319-1844,WISE 2319-1844,WISE 2319-1844
340,WISE 2325-4105,WISE 2325-4105,WISE 2325-4105,WISE 2325-4105
341,WISE 2327-2730,WISE 2327-2730,WISE 2327-2730,WISE 2327-2730
342,WISE 2335+4222,WISE 2335+4222,WISE 2335+4222,WISE 2335+4222
343,WISE 2340-0745,WISE 2340-0745,WISE 2340-0745,WISE 2340-0745
344,WISE 2342+0856,WISE 2342+0856,WISE 2342+0856,WISE 2342+0856
345,WISE 2343-7418,WISE 2343-7418,WISE 2343-7418,WISE 2343-7418
346,WISE 2344+1034,WISE 2344+1034,WISE 2344+1034,WISE 2344+1034
347,WISE 2348-1028,WISE 2348-1028,WISE 2348-1028,WISE 2348-1028
348,WISE 2357+1227,WISE 2357+1227,WISE 2357+1227,WISE 2357+1227
349,WISE 2359-7335,WISE 2359-7335,WISE 2359-7335,WISE 2359-7335
350,WISEA 1101+5400,WISEA 1101+5400,WISEA 1101+5400,WISEA 1101+5400
351,2M1510,2M1510,2M1510,2M1510
